<c3p0-config>
	<!-- 数据库连接池配置信息 -->

    <!-- 数据库名称: myblog -->
    <!-- 数据库用户名字: root -->
    <!-- 数据库密码: 123456 -->

    <!-- 请根据实际在下面配置中修改你的配置信息 -->
    <default-config>
        <!-- 连接四大参数配置 -->
        <property name="jdbcUrl">jdbc:mysql://localhost:3306/myblog?useSSL=false&amp;useUnicode=true&amp;characterEncoding=utf-8</property>
        <property name="driverClass">com.mysql.jdbc.Driver</property>
        <property name="user">root</property>
        <property name="password">123456</property>
        <!-- 池参数配置 -->
        <property name="acquireIncrement">5</property>
        <property name="initialPoolSize">20</property>
        <property name="minPoolSize">20</property>
        <property name="maxPoolSize">50</property>
    </default-config>    
</c3p0-config>